<?xml version="1.0"?>

<unattend>
    <settings pass="offlineServicing" xmlns:wcm="http://schemas.microsoft.com/WMIConfig/2002/State">
        <component name="Microsoft-Windows-BaseCrashDumpSettings" 
                   processorArchitecture="x86" 
                   publicKeyToken="31bf3856ad364e35" 
                   language="neutral" 
                   versionScope="nonSxS">

        <!--
            [HKEY_LOCAL_MACHINE\SYSTEM\CurrentControlSet\Control\CrashControl]
            -->
          <AutoReboot>1</AutoReboot>
          <CrashDumpEnabled>2</CrashDumpEnabled>
        </component>

        <component name="Microsoft-Windows-BaseCrashDumpSettings" 
                   processorArchitecture="amd64" 
                   publicKeyToken="31bf3856ad364e35" 
                   language="neutral" 
                   versionScope="nonSxS">

        <!--
            [HKEY_LOCAL_MACHINE\SYSTEM\CurrentControlSet\Control\CrashControl]
            -->
          <AutoReboot>1</AutoReboot>
          <CrashDumpEnabled>2</CrashDumpEnabled>
        </component>

        <component name="Microsoft-Windows-BaseCrashDumpSettings" 
                   processorArchitecture="ia64" 
                   publicKeyToken="31bf3856ad364e35" 
                   language="neutral" 
                   versionScope="nonSxS">

        <!--
            [HKEY_LOCAL_MACHINE\SYSTEM\CurrentControlSet\Control\CrashControl]
            -->
          <AutoReboot>1</AutoReboot>
          <CrashDumpEnabled>2</CrashDumpEnabled>
        </component>

        <component name="Microsoft-Windows-themeservice" 
                   processorArchitecture="x86" 
                   publicKeyToken="31bf3856ad364e35" 
                   language="neutral" 
                   versionScope="nonSxS">

        <!--
            [HKEY_LOCAL_MACHINE\SYSTEM\CurrentControlSet\Services\Themes!Start]
                (REG_DWORD): 2
            -->

          <Start>2</Start>
        </component>

        <component name="Microsoft-Windows-themeservice" 
                   processorArchitecture="amd64" 
                   publicKeyToken="31bf3856ad364e35" 
                   language="neutral" 
                   versionScope="nonSxS">

        <!--
            [HKEY_LOCAL_MACHINE\SYSTEM\CurrentControlSet\Services\Themes!Start]
                (REG_DWORD): 2
            -->

          <Start>2</Start>
        </component>

        <component name="Microsoft-Windows-themeservice" 
                   processorArchitecture="ia64" 
                   publicKeyToken="31bf3856ad364e35" 
                   language="neutral" 
                   versionScope="nonSxS">

        <!--
            [HKEY_LOCAL_MACHINE\SYSTEM\CurrentControlSet\Services\Themes!Start]
                (REG_DWORD): 2
            -->

          <Start>2</Start>
        </component>

        <component name="Microsoft-Windows-Power-Policy-Definitions"
                   processorArchitecture="x86"
                   publicKeyToken="31bf3856ad364e35"
                   language="neutral"
                   versionScope="nonSxS">

            <!-- COMMON CLIENT POWER POLICY OVERRIDES BEGIN -->
            <!-- DO NOT EDIT OVERRIDES IN THIS SECTION BY HAND!!! -->
            <!-- see base\manifests\power\client-overrides.txt to make changes to these policy values -->

            <!-- security descriptor for power settings --> 
            <DefaultSecurityDescriptor>O:BAG:SYD:P(A;CI;KRKW;;;BU)(A;CI;KA;;;BA)(A;CI;KA;;;SY)(A;CI;KA;;;CO)</DefaultSecurityDescriptor>

            <!-- hibernate enabled -->
            <HibernateEnabled>1</HibernateEnabled>

            <!-- hiberfile size -->
            <HiberFileSizePercent>75</HiberFileSizePercent>

            <!-- hard disk power down timeout -->
            <DefaultBalancedHardDiskPowerDownTimeoutACSetting>1200</DefaultBalancedHardDiskPowerDownTimeoutACSetting>
            <DefaultBalancedHardDiskPowerDownTimeoutDCSetting>600</DefaultBalancedHardDiskPowerDownTimeoutDCSetting>
            <DefaultHighPerformanceHardDiskPowerDownTimeoutACSetting>1200</DefaultHighPerformanceHardDiskPowerDownTimeoutACSetting>
            <DefaultHighPerformanceHardDiskPowerDownTimeoutDCSetting>1200</DefaultHighPerformanceHardDiskPowerDownTimeoutDCSetting>

            <!-- unattended sleep timeout -->
            <DefaultBalancedUnattendedSleepTimeoutACSetting>120</DefaultBalancedUnattendedSleepTimeoutACSetting>
            <DefaultBalancedUnattendedSleepTimeoutDCSetting>120</DefaultBalancedUnattendedSleepTimeoutDCSetting>
            <DefaultHighPerformanceUnattendedSleepTimeoutACSetting>120</DefaultHighPerformanceUnattendedSleepTimeoutACSetting>
            <DefaultHighPerformanceUnattendedSleepTimeoutDCSetting>120</DefaultHighPerformanceUnattendedSleepTimeoutDCSetting>
            <DefaultPowerSaverUnattendedSleepTimeoutACSetting>120</DefaultPowerSaverUnattendedSleepTimeoutACSetting>
            <DefaultPowerSaverUnattendedSleepTimeoutDCSetting>120</DefaultPowerSaverUnattendedSleepTimeoutDCSetting>

            <!-- system standby timeout -->
            <DefaultBalancedSystemStandbyTimeoutACSetting>1800</DefaultBalancedSystemStandbyTimeoutACSetting>
            <DefaultBalancedSystemStandbyTimeoutDCSetting>900</DefaultBalancedSystemStandbyTimeoutDCSetting>
            <DefaultPowerSaverSystemStandbyTimeoutACSetting>900</DefaultPowerSaverSystemStandbyTimeoutACSetting>
            <DefaultPowerSaverSystemStandbyTimeoutDCSetting>600</DefaultPowerSaverSystemStandbyTimeoutDCSetting>

            <!-- hardware sleep button action -->
            <DefaultBalancedSleepButtonActionACSetting>1</DefaultBalancedSleepButtonActionACSetting>
            <DefaultBalancedSleepButtonActionDCSetting>1</DefaultBalancedSleepButtonActionDCSetting>
            <DefaultHighPerformanceSleepButtonActionACSetting>1</DefaultHighPerformanceSleepButtonActionACSetting>
            <DefaultHighPerformanceSleepButtonActionDCSetting>1</DefaultHighPerformanceSleepButtonActionDCSetting>
            <DefaultPowerSaverSleepButtonActionACSetting>1</DefaultPowerSaverSleepButtonActionACSetting>
            <DefaultPowerSaverSleepButtonActionDCSetting>1</DefaultPowerSaverSleepButtonActionDCSetting>

            <!-- start menu button action -->
            <DefaultBalancedUIButtonActionACSetting>0</DefaultBalancedUIButtonActionACSetting>
            <DefaultBalancedUIButtonActionDCSetting>0</DefaultBalancedUIButtonActionDCSetting>
            <DefaultHighPerformanceUIButtonActionACSetting>0</DefaultHighPerformanceUIButtonActionACSetting>
            <DefaultHighPerformanceUIButtonActionDCSetting>0</DefaultHighPerformanceUIButtonActionDCSetting>
            <DefaultPowerSaverUIButtonActionACSetting>0</DefaultPowerSaverUIButtonActionACSetting>
            <DefaultPowerSaverUIButtonActionDCSetting>0</DefaultPowerSaverUIButtonActionDCSetting>

            <!-- core parking core override -->
            <DefaultBalancedPpmCoreParkingCoreOverrideACSetting>1</DefaultBalancedPpmCoreParkingCoreOverrideACSetting>
            <DefaultBalancedPpmCoreParkingCoreOverrideDCSetting>1</DefaultBalancedPpmCoreParkingCoreOverrideDCSetting>
            <DefaultHighPerformancePpmCoreParkingCoreOverrideACSetting>1</DefaultHighPerformancePpmCoreParkingCoreOverrideACSetting>
            <DefaultHighPerformancePpmCoreParkingCoreOverrideDCSetting>1</DefaultHighPerformancePpmCoreParkingCoreOverrideDCSetting>
            <DefaultPowerSaverPpmCoreParkingCoreOverrideACSetting>1</DefaultPowerSaverPpmCoreParkingCoreOverrideACSetting>
            <DefaultPowerSaverPpmCoreParkingCoreOverrideDCSetting>1</DefaultPowerSaverPpmCoreParkingCoreOverrideDCSetting>

            <!-- core parking increase time -->
            <DefaultBalancedPpmCoreParkingIncreaseTimeACSetting>3</DefaultBalancedPpmCoreParkingIncreaseTimeACSetting>
            <DefaultBalancedPpmCoreParkingIncreaseTimeDCSetting>3</DefaultBalancedPpmCoreParkingIncreaseTimeDCSetting>
            <DefaultHighPerformancePpmCoreParkingIncreaseTimeACSetting>7</DefaultHighPerformancePpmCoreParkingIncreaseTimeACSetting>
            <DefaultHighPerformancePpmCoreParkingIncreaseTimeDCSetting>7</DefaultHighPerformancePpmCoreParkingIncreaseTimeDCSetting>
            <DefaultPowerSaverPpmCoreParkingIncreaseTimeACSetting>1</DefaultPowerSaverPpmCoreParkingIncreaseTimeACSetting>
            <DefaultPowerSaverPpmCoreParkingIncreaseTimeDCSetting>1</DefaultPowerSaverPpmCoreParkingIncreaseTimeDCSetting>

            <!-- core parking decrease time -->
            <DefaultBalancedPpmCoreParkingDecreaseTimeACSetting>10</DefaultBalancedPpmCoreParkingDecreaseTimeACSetting>
            <DefaultBalancedPpmCoreParkingDecreaseTimeDCSetting>10</DefaultBalancedPpmCoreParkingDecreaseTimeDCSetting>
            <DefaultHighPerformancePpmCoreParkingDecreaseTimeACSetting>20</DefaultHighPerformancePpmCoreParkingDecreaseTimeACSetting>
            <DefaultHighPerformancePpmCoreParkingDecreaseTimeDCSetting>20</DefaultHighPerformancePpmCoreParkingDecreaseTimeDCSetting>
            <DefaultPowerSaverPpmCoreParkingDecreaseTimeACSetting>2</DefaultPowerSaverPpmCoreParkingDecreaseTimeACSetting>
            <DefaultPowerSaverPpmCoreParkingDecreaseTimeDCSetting>2</DefaultPowerSaverPpmCoreParkingDecreaseTimeDCSetting>

            <!-- core parking increase threshold -->
            <DefaultBalancedPpmCoreParkingIncreaseThresholdACSetting>85</DefaultBalancedPpmCoreParkingIncreaseThresholdACSetting>
            <DefaultBalancedPpmCoreParkingIncreaseThresholdDCSetting>85</DefaultBalancedPpmCoreParkingIncreaseThresholdDCSetting>
            <DefaultHighPerformancePpmCoreParkingIncreaseThresholdACSetting>85</DefaultHighPerformancePpmCoreParkingIncreaseThresholdACSetting>
            <DefaultHighPerformancePpmCoreParkingIncreaseThresholdDCSetting>85</DefaultHighPerformancePpmCoreParkingIncreaseThresholdDCSetting>
            <DefaultPowerSaverPpmCoreParkingIncreaseThresholdACSetting>85</DefaultPowerSaverPpmCoreParkingIncreaseThresholdACSetting>
            <DefaultPowerSaverPpmCoreParkingIncreaseThresholdDCSetting>85</DefaultPowerSaverPpmCoreParkingIncreaseThresholdDCSetting>

            <!-- core parking decrease threshold -->
            <DefaultBalancedPpmCoreParkingDecreaseThresholdACSetting>50</DefaultBalancedPpmCoreParkingDecreaseThresholdACSetting>
            <DefaultBalancedPpmCoreParkingDecreaseThresholdDCSetting>50</DefaultBalancedPpmCoreParkingDecreaseThresholdDCSetting>
            <DefaultHighPerformancePpmCoreParkingDecreaseThresholdACSetting>50</DefaultHighPerformancePpmCoreParkingDecreaseThresholdACSetting>
            <DefaultHighPerformancePpmCoreParkingDecreaseThresholdDCSetting>50</DefaultHighPerformancePpmCoreParkingDecreaseThresholdDCSetting>
            <DefaultPowerSaverPpmCoreParkingDecreaseThresholdACSetting>50</DefaultPowerSaverPpmCoreParkingDecreaseThresholdACSetting>
            <DefaultPowerSaverPpmCoreParkingDecreaseThresholdDCSetting>50</DefaultPowerSaverPpmCoreParkingDecreaseThresholdDCSetting>

            <!-- core parking max cores -->
            <DefaultBalancedPpmMaxUnparkedCoresACSetting>100</DefaultBalancedPpmMaxUnparkedCoresACSetting>
            <DefaultBalancedPpmMaxUnparkedCoresDCSetting>100</DefaultBalancedPpmMaxUnparkedCoresDCSetting>
            <DefaultHighPerformancePpmMaxUnparkedCoresACSetting>100</DefaultHighPerformancePpmMaxUnparkedCoresACSetting>
            <DefaultHighPerformancePpmMaxUnparkedCoresDCSetting>100</DefaultHighPerformancePpmMaxUnparkedCoresDCSetting>
            <DefaultPowerSaverPpmMaxUnparkedCoresACSetting>100</DefaultPowerSaverPpmMaxUnparkedCoresACSetting>
            <DefaultPowerSaverPpmMaxUnparkedCoresDCSetting>100</DefaultPowerSaverPpmMaxUnparkedCoresDCSetting>

            <!-- core parking min cores -->
            <DefaultBalancedPpmMinUnparkedCoresACSetting>10</DefaultBalancedPpmMinUnparkedCoresACSetting>
            <DefaultBalancedPpmMinUnparkedCoresDCSetting>10</DefaultBalancedPpmMinUnparkedCoresDCSetting>
            <DefaultHighPerformancePpmMinUnparkedCoresACSetting>10</DefaultHighPerformancePpmMinUnparkedCoresACSetting>
            <DefaultHighPerformancePpmMinUnparkedCoresDCSetting>10</DefaultHighPerformancePpmMinUnparkedCoresDCSetting>
            <DefaultPowerSaverPpmMinUnparkedCoresACSetting>10</DefaultPowerSaverPpmMinUnparkedCoresACSetting>
            <DefaultPowerSaverPpmMinUnparkedCoresDCSetting>10</DefaultPowerSaverPpmMinUnparkedCoresDCSetting>

            <!-- perf check time -->
            <DefaultBalancedPpmPerfTimeCheckACSetting>30</DefaultBalancedPpmPerfTimeCheckACSetting>
            <DefaultBalancedPpmPerfTimeCheckDCSetting>30</DefaultBalancedPpmPerfTimeCheckDCSetting>
            <DefaultHighPerformancePpmPerfTimeCheckACSetting>15</DefaultHighPerformancePpmPerfTimeCheckACSetting>
            <DefaultHighPerformancePpmPerfTimeCheckDCSetting>15</DefaultHighPerformancePpmPerfTimeCheckDCSetting>
            <DefaultPowerSaverPpmPerfTimeCheckACSetting>200</DefaultPowerSaverPpmPerfTimeCheckACSetting>
            <DefaultPowerSaverPpmPerfTimeCheckDCSetting>200</DefaultPowerSaverPpmPerfTimeCheckDCSetting>

            <!-- perf state increase threshold -->
            <DefaultBalancedPpmPerfIncreaseACSetting>60</DefaultBalancedPpmPerfIncreaseACSetting>
            <DefaultBalancedPpmPerfIncreaseDCSetting>90</DefaultBalancedPpmPerfIncreaseDCSetting>
            <DefaultHighPerformancePpmPerfIncreaseACSetting>30</DefaultHighPerformancePpmPerfIncreaseACSetting>
            <DefaultHighPerformancePpmPerfIncreaseDCSetting>30</DefaultHighPerformancePpmPerfIncreaseDCSetting>
            <DefaultPowerSaverPpmPerfIncreaseACSetting>90</DefaultPowerSaverPpmPerfIncreaseACSetting>
            <DefaultPowerSaverPpmPerfIncreaseDCSetting>90</DefaultPowerSaverPpmPerfIncreaseDCSetting>

            <!-- perf state decrease threshold -->
            <DefaultBalancedPpmPerfDecreaseACSetting>20</DefaultBalancedPpmPerfDecreaseACSetting>
            <DefaultBalancedPpmPerfDecreaseDCSetting>30</DefaultBalancedPpmPerfDecreaseDCSetting>
            <DefaultHighPerformancePpmPerfDecreaseACSetting>10</DefaultHighPerformancePpmPerfDecreaseACSetting>
            <DefaultHighPerformancePpmPerfDecreaseDCSetting>10</DefaultHighPerformancePpmPerfDecreaseDCSetting>
            <DefaultPowerSaverPpmPerfDecreaseACSetting>60</DefaultPowerSaverPpmPerfDecreaseACSetting>
            <DefaultPowerSaverPpmPerfDecreaseDCSetting>60</DefaultPowerSaverPpmPerfDecreaseDCSetting>

            <!-- perf state increase policy -->
            <DefaultBalancedPpmPerfIncreasePolicyACSetting>0</DefaultBalancedPpmPerfIncreasePolicyACSetting>
            <DefaultBalancedPpmPerfIncreasePolicyDCSetting>0</DefaultBalancedPpmPerfIncreasePolicyDCSetting>
            <DefaultHighPerformancePpmPerfIncreasePolicyACSetting>2</DefaultHighPerformancePpmPerfIncreasePolicyACSetting>
            <DefaultHighPerformancePpmPerfIncreasePolicyDCSetting>2</DefaultHighPerformancePpmPerfIncreasePolicyDCSetting>
            <DefaultPowerSaverPpmPerfIncreasePolicyACSetting>1</DefaultPowerSaverPpmPerfIncreasePolicyACSetting>
            <DefaultPowerSaverPpmPerfIncreasePolicyDCSetting>1</DefaultPowerSaverPpmPerfIncreasePolicyDCSetting>

            <!-- perf state decrease policy -->
            <DefaultBalancedPpmPerfDecreasePolicyACSetting>0</DefaultBalancedPpmPerfDecreasePolicyACSetting>
            <DefaultBalancedPpmPerfDecreasePolicyDCSetting>0</DefaultBalancedPpmPerfDecreasePolicyDCSetting>
            <DefaultHighPerformancePpmPerfDecreasePolicyACSetting>1</DefaultHighPerformancePpmPerfDecreasePolicyACSetting>
            <DefaultHighPerformancePpmPerfDecreasePolicyDCSetting>1</DefaultHighPerformancePpmPerfDecreasePolicyDCSetting>
            <DefaultPowerSaverPpmPerfDecreasePolicyACSetting>2</DefaultPowerSaverPpmPerfDecreasePolicyACSetting>
            <DefaultPowerSaverPpmPerfDecreasePolicyDCSetting>2</DefaultPowerSaverPpmPerfDecreasePolicyDCSetting>

            <!-- perf history count -->
            <DefaultBalancedPpmPerfHistoryPolicyACSetting>1</DefaultBalancedPpmPerfHistoryPolicyACSetting>
            <DefaultBalancedPpmPerfHistoryPolicyDCSetting>1</DefaultBalancedPpmPerfHistoryPolicyDCSetting>
            <DefaultHighPerformancePpmPerfHistoryPolicyACSetting>1</DefaultHighPerformancePpmPerfHistoryPolicyACSetting>
            <DefaultHighPerformancePpmPerfHistoryPolicyDCSetting>1</DefaultHighPerformancePpmPerfHistoryPolicyDCSetting>
            <DefaultPowerSaverPpmPerfHistoryPolicyACSetting>1</DefaultPowerSaverPpmPerfHistoryPolicyACSetting>
            <DefaultPowerSaverPpmPerfHistoryPolicyDCSetting>1</DefaultPowerSaverPpmPerfHistoryPolicyDCSetting>
           
            <!-- idle time check -->
            <DefaultBalancedPpmIdleTimeCheckACSetting>50000</DefaultBalancedPpmIdleTimeCheckACSetting>
            <DefaultBalancedPpmIdleTimeCheckDCSetting>50000</DefaultBalancedPpmIdleTimeCheckDCSetting>
            <DefaultHighPerformancePpmIdleTimeCheckACSetting>50000</DefaultHighPerformancePpmIdleTimeCheckACSetting>
            <DefaultHighPerformancePpmIdleTimeCheckDCSetting>50000</DefaultHighPerformancePpmIdleTimeCheckDCSetting>
            <DefaultPowerSaverPpmIdleTimeCheckACSetting>50000</DefaultPowerSaverPpmIdleTimeCheckACSetting>
            <DefaultPowerSaverPpmIdleTimeCheckDCSetting>50000</DefaultPowerSaverPpmIdleTimeCheckDCSetting>

            <!-- core parking parked perf state -->
            <DefaultBalancedPpmCoreParkingParkedPerfStateACSetting>0</DefaultBalancedPpmCoreParkingParkedPerfStateACSetting>
            <DefaultBalancedPpmCoreParkingParkedPerfStateDCSetting>0</DefaultBalancedPpmCoreParkingParkedPerfStateDCSetting>
            <DefaultHighPerformancePpmCoreParkingParkedPerfStateACSetting>0</DefaultHighPerformancePpmCoreParkingParkedPerfStateACSetting>
            <DefaultHighPerformancePpmCoreParkingParkedPerfStateDCSetting>0</DefaultHighPerformancePpmCoreParkingParkedPerfStateDCSetting>
            <DefaultPowerSaverPpmCoreParkingParkedPerfStateACSetting>0</DefaultPowerSaverPpmCoreParkingParkedPerfStateACSetting>
            <DefaultPowerSaverPpmCoreParkingParkedPerfStateDCSetting>0</DefaultPowerSaverPpmCoreParkingParkedPerfStateDCSetting>

            <!-- perf boost policy -->
            <DefaultBalancedPpmPerfBoostPolicyACSetting>65</DefaultBalancedPpmPerfBoostPolicyACSetting>
            <DefaultBalancedPpmPerfBoostPolicyDCSetting>50</DefaultBalancedPpmPerfBoostPolicyDCSetting>
            <DefaultHighPerformancePpmPerfBoostPolicyACSetting>100</DefaultHighPerformancePpmPerfBoostPolicyACSetting>
            <DefaultHighPerformancePpmPerfBoostPolicyDCSetting>100</DefaultHighPerformancePpmPerfBoostPolicyDCSetting>
            <DefaultPowerSaverPpmPerfBoostPolicyACSetting>50</DefaultPowerSaverPpmPerfBoostPolicyACSetting>
            <DefaultPowerSaverPpmPerfBoostPolicyDCSetting>50</DefaultPowerSaverPpmPerfBoostPolicyDCSetting>

            <!-- perf max p-state -->
            <DefaultBalancedProcessorPStateUpperBoundACSetting>100</DefaultBalancedProcessorPStateUpperBoundACSetting>
            <DefaultBalancedProcessorPStateUpperBoundDCSetting>100</DefaultBalancedProcessorPStateUpperBoundDCSetting>
            <DefaultHighPerformanceProcessorPStateUpperBoundACSetting>100</DefaultHighPerformanceProcessorPStateUpperBoundACSetting>
            <DefaultHighPerformanceProcessorPStateUpperBoundDCSetting>100</DefaultHighPerformanceProcessorPStateUpperBoundDCSetting>
            <DefaultPowerSaverProcessorPStateUpperBoundACSetting>100</DefaultPowerSaverProcessorPStateUpperBoundACSetting>
            <DefaultPowerSaverProcessorPStateUpperBoundDCSetting>100</DefaultPowerSaverProcessorPStateUpperBoundDCSetting>

            <!-- COMMON CLIENT POWER POLICY OVERRIDES END -->

            <!-- lock on resume -->
            <BalancedACSettingIndex>0</BalancedACSettingIndex>
            <BalancedDCSettingIndex>0</BalancedDCSettingIndex>
            <PerformanceACSettingIndex>0</PerformanceACSettingIndex>
            <PerformanceDCSettingIndex>0</PerformanceDCSettingIndex>
            <PowerACSettingIndex>0</PowerACSettingIndex>
            <PowerDCSettingIndex>0</PowerDCSettingIndex>
        </component>

        <component name="Microsoft-Windows-Power-Policy-Definitions"
                   processorArchitecture="amd64"
                   publicKeyToken="31bf3856ad364e35"
                   language="neutral"
                   versionScope="nonSxS">

            <!-- COMMON CLIENT POWER POLICY OVERRIDES BEGIN -->
            <!-- DO NOT EDIT OVERRIDES IN THIS SECTION BY HAND!!! -->
            <!-- see base\manifests\power\client-overrides.txt to make changes to these policy values -->

            <!-- security descriptor for power settings --> 
            <DefaultSecurityDescriptor>O:BAG:SYD:P(A;CI;KRKW;;;BU)(A;CI;KA;;;BA)(A;CI;KA;;;SY)(A;CI;KA;;;CO)</DefaultSecurityDescriptor>

            <!-- hibernate enabled -->
            <HibernateEnabled>1</HibernateEnabled>

            <!-- hiberfile size -->
            <HiberFileSizePercent>75</HiberFileSizePercent>

            <!-- hard disk power down timeout -->
            <DefaultBalancedHardDiskPowerDownTimeoutACSetting>1200</DefaultBalancedHardDiskPowerDownTimeoutACSetting>
            <DefaultBalancedHardDiskPowerDownTimeoutDCSetting>600</DefaultBalancedHardDiskPowerDownTimeoutDCSetting>
            <DefaultHighPerformanceHardDiskPowerDownTimeoutACSetting>1200</DefaultHighPerformanceHardDiskPowerDownTimeoutACSetting>
            <DefaultHighPerformanceHardDiskPowerDownTimeoutDCSetting>1200</DefaultHighPerformanceHardDiskPowerDownTimeoutDCSetting>

            <!-- unattended sleep timeout -->
            <DefaultBalancedUnattendedSleepTimeoutACSetting>120</DefaultBalancedUnattendedSleepTimeoutACSetting>
            <DefaultBalancedUnattendedSleepTimeoutDCSetting>120</DefaultBalancedUnattendedSleepTimeoutDCSetting>
            <DefaultHighPerformanceUnattendedSleepTimeoutACSetting>120</DefaultHighPerformanceUnattendedSleepTimeoutACSetting>
            <DefaultHighPerformanceUnattendedSleepTimeoutDCSetting>120</DefaultHighPerformanceUnattendedSleepTimeoutDCSetting>
            <DefaultPowerSaverUnattendedSleepTimeoutACSetting>120</DefaultPowerSaverUnattendedSleepTimeoutACSetting>
            <DefaultPowerSaverUnattendedSleepTimeoutDCSetting>120</DefaultPowerSaverUnattendedSleepTimeoutDCSetting>

            <!-- system standby timeout -->
            <DefaultBalancedSystemStandbyTimeoutACSetting>1800</DefaultBalancedSystemStandbyTimeoutACSetting>
            <DefaultBalancedSystemStandbyTimeoutDCSetting>900</DefaultBalancedSystemStandbyTimeoutDCSetting>
            <DefaultPowerSaverSystemStandbyTimeoutACSetting>900</DefaultPowerSaverSystemStandbyTimeoutACSetting>
            <DefaultPowerSaverSystemStandbyTimeoutDCSetting>600</DefaultPowerSaverSystemStandbyTimeoutDCSetting>

            <!-- hardware sleep button action -->
            <DefaultBalancedSleepButtonActionACSetting>1</DefaultBalancedSleepButtonActionACSetting>
            <DefaultBalancedSleepButtonActionDCSetting>1</DefaultBalancedSleepButtonActionDCSetting>
            <DefaultHighPerformanceSleepButtonActionACSetting>1</DefaultHighPerformanceSleepButtonActionACSetting>
            <DefaultHighPerformanceSleepButtonActionDCSetting>1</DefaultHighPerformanceSleepButtonActionDCSetting>
            <DefaultPowerSaverSleepButtonActionACSetting>1</DefaultPowerSaverSleepButtonActionACSetting>
            <DefaultPowerSaverSleepButtonActionDCSetting>1</DefaultPowerSaverSleepButtonActionDCSetting>

            <!-- start menu button action -->
            <DefaultBalancedUIButtonActionACSetting>0</DefaultBalancedUIButtonActionACSetting>
            <DefaultBalancedUIButtonActionDCSetting>0</DefaultBalancedUIButtonActionDCSetting>
            <DefaultHighPerformanceUIButtonActionACSetting>0</DefaultHighPerformanceUIButtonActionACSetting>
            <DefaultHighPerformanceUIButtonActionDCSetting>0</DefaultHighPerformanceUIButtonActionDCSetting>
            <DefaultPowerSaverUIButtonActionACSetting>0</DefaultPowerSaverUIButtonActionACSetting>
            <DefaultPowerSaverUIButtonActionDCSetting>0</DefaultPowerSaverUIButtonActionDCSetting>

            <!-- core parking core override -->
            <DefaultBalancedPpmCoreParkingCoreOverrideACSetting>1</DefaultBalancedPpmCoreParkingCoreOverrideACSetting>
            <DefaultBalancedPpmCoreParkingCoreOverrideDCSetting>1</DefaultBalancedPpmCoreParkingCoreOverrideDCSetting>
            <DefaultHighPerformancePpmCoreParkingCoreOverrideACSetting>1</DefaultHighPerformancePpmCoreParkingCoreOverrideACSetting>
            <DefaultHighPerformancePpmCoreParkingCoreOverrideDCSetting>1</DefaultHighPerformancePpmCoreParkingCoreOverrideDCSetting>
            <DefaultPowerSaverPpmCoreParkingCoreOverrideACSetting>1</DefaultPowerSaverPpmCoreParkingCoreOverrideACSetting>
            <DefaultPowerSaverPpmCoreParkingCoreOverrideDCSetting>1</DefaultPowerSaverPpmCoreParkingCoreOverrideDCSetting>

            <!-- core parking increase time -->
            <DefaultBalancedPpmCoreParkingIncreaseTimeACSetting>3</DefaultBalancedPpmCoreParkingIncreaseTimeACSetting>
            <DefaultBalancedPpmCoreParkingIncreaseTimeDCSetting>3</DefaultBalancedPpmCoreParkingIncreaseTimeDCSetting>
            <DefaultHighPerformancePpmCoreParkingIncreaseTimeACSetting>7</DefaultHighPerformancePpmCoreParkingIncreaseTimeACSetting>
            <DefaultHighPerformancePpmCoreParkingIncreaseTimeDCSetting>7</DefaultHighPerformancePpmCoreParkingIncreaseTimeDCSetting>
            <DefaultPowerSaverPpmCoreParkingIncreaseTimeACSetting>1</DefaultPowerSaverPpmCoreParkingIncreaseTimeACSetting>
            <DefaultPowerSaverPpmCoreParkingIncreaseTimeDCSetting>1</DefaultPowerSaverPpmCoreParkingIncreaseTimeDCSetting>

            <!-- core parking decrease time -->
            <DefaultBalancedPpmCoreParkingDecreaseTimeACSetting>10</DefaultBalancedPpmCoreParkingDecreaseTimeACSetting>
            <DefaultBalancedPpmCoreParkingDecreaseTimeDCSetting>10</DefaultBalancedPpmCoreParkingDecreaseTimeDCSetting>
            <DefaultHighPerformancePpmCoreParkingDecreaseTimeACSetting>20</DefaultHighPerformancePpmCoreParkingDecreaseTimeACSetting>
            <DefaultHighPerformancePpmCoreParkingDecreaseTimeDCSetting>20</DefaultHighPerformancePpmCoreParkingDecreaseTimeDCSetting>
            <DefaultPowerSaverPpmCoreParkingDecreaseTimeACSetting>2</DefaultPowerSaverPpmCoreParkingDecreaseTimeACSetting>
            <DefaultPowerSaverPpmCoreParkingDecreaseTimeDCSetting>2</DefaultPowerSaverPpmCoreParkingDecreaseTimeDCSetting>

            <!-- core parking increase threshold -->
            <DefaultBalancedPpmCoreParkingIncreaseThresholdACSetting>85</DefaultBalancedPpmCoreParkingIncreaseThresholdACSetting>
            <DefaultBalancedPpmCoreParkingIncreaseThresholdDCSetting>85</DefaultBalancedPpmCoreParkingIncreaseThresholdDCSetting>
            <DefaultHighPerformancePpmCoreParkingIncreaseThresholdACSetting>85</DefaultHighPerformancePpmCoreParkingIncreaseThresholdACSetting>
            <DefaultHighPerformancePpmCoreParkingIncreaseThresholdDCSetting>85</DefaultHighPerformancePpmCoreParkingIncreaseThresholdDCSetting>
            <DefaultPowerSaverPpmCoreParkingIncreaseThresholdACSetting>85</DefaultPowerSaverPpmCoreParkingIncreaseThresholdACSetting>
            <DefaultPowerSaverPpmCoreParkingIncreaseThresholdDCSetting>85</DefaultPowerSaverPpmCoreParkingIncreaseThresholdDCSetting>

            <!-- core parking decrease threshold -->
            <DefaultBalancedPpmCoreParkingDecreaseThresholdACSetting>50</DefaultBalancedPpmCoreParkingDecreaseThresholdACSetting>
            <DefaultBalancedPpmCoreParkingDecreaseThresholdDCSetting>50</DefaultBalancedPpmCoreParkingDecreaseThresholdDCSetting>
            <DefaultHighPerformancePpmCoreParkingDecreaseThresholdACSetting>50</DefaultHighPerformancePpmCoreParkingDecreaseThresholdACSetting>
            <DefaultHighPerformancePpmCoreParkingDecreaseThresholdDCSetting>50</DefaultHighPerformancePpmCoreParkingDecreaseThresholdDCSetting>
            <DefaultPowerSaverPpmCoreParkingDecreaseThresholdACSetting>50</DefaultPowerSaverPpmCoreParkingDecreaseThresholdACSetting>
            <DefaultPowerSaverPpmCoreParkingDecreaseThresholdDCSetting>50</DefaultPowerSaverPpmCoreParkingDecreaseThresholdDCSetting>

            <!-- core parking max cores -->
            <DefaultBalancedPpmMaxUnparkedCoresACSetting>100</DefaultBalancedPpmMaxUnparkedCoresACSetting>
            <DefaultBalancedPpmMaxUnparkedCoresDCSetting>100</DefaultBalancedPpmMaxUnparkedCoresDCSetting>
            <DefaultHighPerformancePpmMaxUnparkedCoresACSetting>100</DefaultHighPerformancePpmMaxUnparkedCoresACSetting>
            <DefaultHighPerformancePpmMaxUnparkedCoresDCSetting>100</DefaultHighPerformancePpmMaxUnparkedCoresDCSetting>
            <DefaultPowerSaverPpmMaxUnparkedCoresACSetting>100</DefaultPowerSaverPpmMaxUnparkedCoresACSetting>
            <DefaultPowerSaverPpmMaxUnparkedCoresDCSetting>100</DefaultPowerSaverPpmMaxUnparkedCoresDCSetting>

            <!-- core parking min cores -->
            <DefaultBalancedPpmMinUnparkedCoresACSetting>10</DefaultBalancedPpmMinUnparkedCoresACSetting>
            <DefaultBalancedPpmMinUnparkedCoresDCSetting>10</DefaultBalancedPpmMinUnparkedCoresDCSetting>
            <DefaultHighPerformancePpmMinUnparkedCoresACSetting>10</DefaultHighPerformancePpmMinUnparkedCoresACSetting>
            <DefaultHighPerformancePpmMinUnparkedCoresDCSetting>10</DefaultHighPerformancePpmMinUnparkedCoresDCSetting>
            <DefaultPowerSaverPpmMinUnparkedCoresACSetting>10</DefaultPowerSaverPpmMinUnparkedCoresACSetting>
            <DefaultPowerSaverPpmMinUnparkedCoresDCSetting>10</DefaultPowerSaverPpmMinUnparkedCoresDCSetting>

            <!-- perf check time -->
            <DefaultBalancedPpmPerfTimeCheckACSetting>30</DefaultBalancedPpmPerfTimeCheckACSetting>
            <DefaultBalancedPpmPerfTimeCheckDCSetting>30</DefaultBalancedPpmPerfTimeCheckDCSetting>
            <DefaultHighPerformancePpmPerfTimeCheckACSetting>15</DefaultHighPerformancePpmPerfTimeCheckACSetting>
            <DefaultHighPerformancePpmPerfTimeCheckDCSetting>15</DefaultHighPerformancePpmPerfTimeCheckDCSetting>
            <DefaultPowerSaverPpmPerfTimeCheckACSetting>200</DefaultPowerSaverPpmPerfTimeCheckACSetting>
            <DefaultPowerSaverPpmPerfTimeCheckDCSetting>200</DefaultPowerSaverPpmPerfTimeCheckDCSetting>

            <!-- perf state increase threshold -->
            <DefaultBalancedPpmPerfIncreaseACSetting>60</DefaultBalancedPpmPerfIncreaseACSetting>
            <DefaultBalancedPpmPerfIncreaseDCSetting>90</DefaultBalancedPpmPerfIncreaseDCSetting>
            <DefaultHighPerformancePpmPerfIncreaseACSetting>30</DefaultHighPerformancePpmPerfIncreaseACSetting>
            <DefaultHighPerformancePpmPerfIncreaseDCSetting>30</DefaultHighPerformancePpmPerfIncreaseDCSetting>
            <DefaultPowerSaverPpmPerfIncreaseACSetting>90</DefaultPowerSaverPpmPerfIncreaseACSetting>
            <DefaultPowerSaverPpmPerfIncreaseDCSetting>90</DefaultPowerSaverPpmPerfIncreaseDCSetting>

            <!-- perf state decrease threshold -->
            <DefaultBalancedPpmPerfDecreaseACSetting>20</DefaultBalancedPpmPerfDecreaseACSetting>
            <DefaultBalancedPpmPerfDecreaseDCSetting>30</DefaultBalancedPpmPerfDecreaseDCSetting>
            <DefaultHighPerformancePpmPerfDecreaseACSetting>10</DefaultHighPerformancePpmPerfDecreaseACSetting>
            <DefaultHighPerformancePpmPerfDecreaseDCSetting>10</DefaultHighPerformancePpmPerfDecreaseDCSetting>
            <DefaultPowerSaverPpmPerfDecreaseACSetting>60</DefaultPowerSaverPpmPerfDecreaseACSetting>
            <DefaultPowerSaverPpmPerfDecreaseDCSetting>60</DefaultPowerSaverPpmPerfDecreaseDCSetting>

            <!-- perf state increase policy -->
            <DefaultBalancedPpmPerfIncreasePolicyACSetting>0</DefaultBalancedPpmPerfIncreasePolicyACSetting>
            <DefaultBalancedPpmPerfIncreasePolicyDCSetting>0</DefaultBalancedPpmPerfIncreasePolicyDCSetting>
            <DefaultHighPerformancePpmPerfIncreasePolicyACSetting>2</DefaultHighPerformancePpmPerfIncreasePolicyACSetting>
            <DefaultHighPerformancePpmPerfIncreasePolicyDCSetting>2</DefaultHighPerformancePpmPerfIncreasePolicyDCSetting>
            <DefaultPowerSaverPpmPerfIncreasePolicyACSetting>1</DefaultPowerSaverPpmPerfIncreasePolicyACSetting>
            <DefaultPowerSaverPpmPerfIncreasePolicyDCSetting>1</DefaultPowerSaverPpmPerfIncreasePolicyDCSetting>

            <!-- perf state decrease policy -->
            <DefaultBalancedPpmPerfDecreasePolicyACSetting>0</DefaultBalancedPpmPerfDecreasePolicyACSetting>
            <DefaultBalancedPpmPerfDecreasePolicyDCSetting>0</DefaultBalancedPpmPerfDecreasePolicyDCSetting>
            <DefaultHighPerformancePpmPerfDecreasePolicyACSetting>1</DefaultHighPerformancePpmPerfDecreasePolicyACSetting>
            <DefaultHighPerformancePpmPerfDecreasePolicyDCSetting>1</DefaultHighPerformancePpmPerfDecreasePolicyDCSetting>
            <DefaultPowerSaverPpmPerfDecreasePolicyACSetting>2</DefaultPowerSaverPpmPerfDecreasePolicyACSetting>
            <DefaultPowerSaverPpmPerfDecreasePolicyDCSetting>2</DefaultPowerSaverPpmPerfDecreasePolicyDCSetting>

            <!-- perf history count -->
            <DefaultBalancedPpmPerfHistoryPolicyACSetting>1</DefaultBalancedPpmPerfHistoryPolicyACSetting>
            <DefaultBalancedPpmPerfHistoryPolicyDCSetting>1</DefaultBalancedPpmPerfHistoryPolicyDCSetting>
            <DefaultHighPerformancePpmPerfHistoryPolicyACSetting>1</DefaultHighPerformancePpmPerfHistoryPolicyACSetting>
            <DefaultHighPerformancePpmPerfHistoryPolicyDCSetting>1</DefaultHighPerformancePpmPerfHistoryPolicyDCSetting>
            <DefaultPowerSaverPpmPerfHistoryPolicyACSetting>1</DefaultPowerSaverPpmPerfHistoryPolicyACSetting>
            <DefaultPowerSaverPpmPerfHistoryPolicyDCSetting>1</DefaultPowerSaverPpmPerfHistoryPolicyDCSetting>
           
            <!-- idle time check -->
            <DefaultBalancedPpmIdleTimeCheckACSetting>50000</DefaultBalancedPpmIdleTimeCheckACSetting>
            <DefaultBalancedPpmIdleTimeCheckDCSetting>50000</DefaultBalancedPpmIdleTimeCheckDCSetting>
            <DefaultHighPerformancePpmIdleTimeCheckACSetting>50000</DefaultHighPerformancePpmIdleTimeCheckACSetting>
            <DefaultHighPerformancePpmIdleTimeCheckDCSetting>50000</DefaultHighPerformancePpmIdleTimeCheckDCSetting>
            <DefaultPowerSaverPpmIdleTimeCheckACSetting>50000</DefaultPowerSaverPpmIdleTimeCheckACSetting>
            <DefaultPowerSaverPpmIdleTimeCheckDCSetting>50000</DefaultPowerSaverPpmIdleTimeCheckDCSetting>

            <!-- core parking parked perf state -->
            <DefaultBalancedPpmCoreParkingParkedPerfStateACSetting>0</DefaultBalancedPpmCoreParkingParkedPerfStateACSetting>
            <DefaultBalancedPpmCoreParkingParkedPerfStateDCSetting>0</DefaultBalancedPpmCoreParkingParkedPerfStateDCSetting>
            <DefaultHighPerformancePpmCoreParkingParkedPerfStateACSetting>0</DefaultHighPerformancePpmCoreParkingParkedPerfStateACSetting>
            <DefaultHighPerformancePpmCoreParkingParkedPerfStateDCSetting>0</DefaultHighPerformancePpmCoreParkingParkedPerfStateDCSetting>
            <DefaultPowerSaverPpmCoreParkingParkedPerfStateACSetting>0</DefaultPowerSaverPpmCoreParkingParkedPerfStateACSetting>
            <DefaultPowerSaverPpmCoreParkingParkedPerfStateDCSetting>0</DefaultPowerSaverPpmCoreParkingParkedPerfStateDCSetting>

            <!-- perf boost policy -->
            <DefaultBalancedPpmPerfBoostPolicyACSetting>65</DefaultBalancedPpmPerfBoostPolicyACSetting>
            <DefaultBalancedPpmPerfBoostPolicyDCSetting>50</DefaultBalancedPpmPerfBoostPolicyDCSetting>
            <DefaultHighPerformancePpmPerfBoostPolicyACSetting>100</DefaultHighPerformancePpmPerfBoostPolicyACSetting>
            <DefaultHighPerformancePpmPerfBoostPolicyDCSetting>100</DefaultHighPerformancePpmPerfBoostPolicyDCSetting>
            <DefaultPowerSaverPpmPerfBoostPolicyACSetting>50</DefaultPowerSaverPpmPerfBoostPolicyACSetting>
            <DefaultPowerSaverPpmPerfBoostPolicyDCSetting>50</DefaultPowerSaverPpmPerfBoostPolicyDCSetting>

            <!-- perf max p-state -->
            <DefaultBalancedProcessorPStateUpperBoundACSetting>100</DefaultBalancedProcessorPStateUpperBoundACSetting>
            <DefaultBalancedProcessorPStateUpperBoundDCSetting>100</DefaultBalancedProcessorPStateUpperBoundDCSetting>
            <DefaultHighPerformanceProcessorPStateUpperBoundACSetting>100</DefaultHighPerformanceProcessorPStateUpperBoundACSetting>
            <DefaultHighPerformanceProcessorPStateUpperBoundDCSetting>100</DefaultHighPerformanceProcessorPStateUpperBoundDCSetting>
            <DefaultPowerSaverProcessorPStateUpperBoundACSetting>100</DefaultPowerSaverProcessorPStateUpperBoundACSetting>
            <DefaultPowerSaverProcessorPStateUpperBoundDCSetting>100</DefaultPowerSaverProcessorPStateUpperBoundDCSetting>

            <!-- COMMON CLIENT POWER POLICY OVERRIDES END -->

            <!-- lock on resume -->
            <BalancedACSettingIndex>0</BalancedACSettingIndex>
            <BalancedDCSettingIndex>0</BalancedDCSettingIndex>
            <PerformanceACSettingIndex>0</PerformanceACSettingIndex>
            <PerformanceDCSettingIndex>0</PerformanceDCSettingIndex>
            <PowerACSettingIndex>0</PowerACSettingIndex>
            <PowerDCSettingIndex>0</PowerDCSettingIndex>
        </component>
        
        <component name="Microsoft-Windows-scrnsave" 
                   processorArchitecture="x86" 
                   publicKeyToken="31bf3856ad364e35" 
                   language="neutral" 
                   versionScope="nonSxS">

        <!--
            [HKEY_CURRENT_USER\Control Panel\Desktop!ScreenSaverIsSecure]
                (REG_DWORD): 0
            -->

          <ScreenSaverIsSecure>0</ScreenSaverIsSecure>
        </component>

        <component name="Microsoft-Windows-scrnsave" 
                   processorArchitecture="amd64" 
                   publicKeyToken="31bf3856ad364e35" 
                   language="neutral" 
                   versionScope="nonSxS">

        <!--
            [HKEY_CURRENT_USER\Control Panel\Desktop!ScreenSaverIsSecure]
                (REG_DWORD): 0
            -->

          <ScreenSaverIsSecure>0</ScreenSaverIsSecure>
        </component>

        <component name="Microsoft-Windows-scrnsave" 
                   processorArchitecture="ia64" 
                   publicKeyToken="31bf3856ad364e35" 
                   language="neutral" 
                   versionScope="nonSxS">

        <!--
            [HKEY_CURRENT_USER\Control Panel\Desktop!ScreenSaverIsSecure]
                (REG_DWORD): 0
            -->

          <ScreenSaverIsSecure>0</ScreenSaverIsSecure>
        </component>

        <component name="Microsoft-Windows-Networking-Internet_Authentication_Service_DataStore" 
                   processorArchitecture="x86" 
                   publicKeyToken="31bf3856ad364e35" 
                   language="neutral" 
                   versionScope="nonSxS">

        <!--
            [HKEY_CLASSES_ROOT\AppID\{48da6741-1bf0-4a44-8325-293086c79077}!DllSurrogate]
                (REG_EXPAND_SZ): ""
            -->

          <DataStoreHostProcess></DataStoreHostProcess>
        </component>

        <component name="Microsoft-Windows-Networking-Internet_Authentication_Service_DataStore" 
                   processorArchitecture="wow64" 
                   publicKeyToken="31bf3856ad364e35" 
                   language="neutral" 
                   versionScope="nonSxS">

        <!--
            [HKEY_CLASSES_ROOT\AppID\{48da6741-1bf0-4a44-8325-293086c79077}!DllSurrogate]
                (REG_EXPAND_SZ): ""
            -->

          <DataStoreHostProcess></DataStoreHostProcess>
        </component>

        <component name="Microsoft-Windows-Networking-Internet_Authentication_Service_DataStore" 
                   processorArchitecture="amd64" 
                   publicKeyToken="31bf3856ad364e35" 
                   language="neutral" 
                   versionScope="nonSxS">

        <!--
            [HKEY_CLASSES_ROOT\AppID\{48da6741-1bf0-4a44-8325-293086c79077}!DllSurrogate]
                (REG_EXPAND_SZ): ""
            -->

          <DataStoreHostProcess></DataStoreHostProcess>
        </component>

        <component name="Microsoft-Windows-Networking-Internet_Authentication_Service_DataStore" 
                   processorArchitecture="ia64" 
                   publicKeyToken="31bf3856ad364e35" 
                   language="neutral" 
                   versionScope="nonSxS">

        <!--
            [HKEY_CLASSES_ROOT\AppID\{48da6741-1bf0-4a44-8325-293086c79077}!DllSurrogate]
                (REG_EXPAND_SZ): ""
            -->

          <DataStoreHostProcess></DataStoreHostProcess>
        </component>

        <component name="Microsoft-Windows-HAL" 
                   processorArchitecture="x86" 
                   publicKeyToken="31bf3856ad364e35" 
                   language="neutral" 
                   versionScope="nonSxS">

          <!-- [HKEY_LOCAL_MACHINE\SYSTEM\CurrentControlSet\Control\ACPI -->
          <AMLIGlobalHeapSize>65536</AMLIGlobalHeapSize>
        </component>

        <component name="Microsoft-Windows-HAL" 
                   processorArchitecture="amd64" 
                   publicKeyToken="31bf3856ad364e35" 
                   language="neutral" 
                   versionScope="nonSxS">

          <!-- [HKEY_LOCAL_MACHINE\SYSTEM\CurrentControlSet\Control\ACPI -->
          <AMLIGlobalHeapSize>524288</AMLIGlobalHeapSize>
        </component>

        <component name="Microsoft-Windows-HAL" 
                   processorArchitecture="ia64" 
                   publicKeyToken="31bf3856ad364e35" 
                   language="neutral" 
                   versionScope="nonSxS">

          <!-- [HKEY_LOCAL_MACHINE\SYSTEM\CurrentControlSet\Control\ACPI -->
          <AMLIGlobalHeapSize>524288</AMLIGlobalHeapSize>
        </component>

        <component name="Microsoft-Windows-explorer" 
                   processorArchitecture="x86" 
                   publicKeyToken="31bf3856ad364e35" 
                   language="neutral" 
                   versionScope="nonSxS">

            <!--
                [HKEY_CURRENT_USER\Software\Microsoft\Windows\CurrentVersion\Explorer\Advanced!Start_SearchFiles]
                    (REG_DWORD): 2
                -->
	      <Start_SearchFiles>2</Start_SearchFiles>

            <!--
                [HKEY_LOCAL_MACHINE\SOFTWARE\Microsoft\Windows\CurrentVersion\Explorer\StartMenu\StartPanel\SearchFiles\FullIndex!DefaultValue]
                    (REG_DWORD): 2
                -->
          <IndexSearchFilesDefaultValue>2</IndexSearchFilesDefaultValue>

            <!--
                [HKEY_LOCAL_MACHINE\SOFTWARE\Microsoft\Windows\CurrentVersion\Explorer\StartMenu\StartPanel\SearchFiles\NoSearch!DefaultValue]
                    (REG_DWORD): 2
                -->
          <NoSearchFilesDefaultValue>2</NoSearchFilesDefaultValue>

            <!--
                [HKEY_LOCAL_MACHINE\SOFTWARE\Microsoft\Windows\CurrentVersion\Explorer\StartMenu\StartPanel\SearchFiles\UserOnly!DefaultValue]
                    (REG_DWORD): 2
                -->
          <UserSearchFilesDefaultValue>2</UserSearchFilesDefaultValue>
        </component>

        <component name="Microsoft-Windows-explorer" 
                   processorArchitecture="amd64" 
                   publicKeyToken="31bf3856ad364e35" 
                   language="neutral" 
                   versionScope="nonSxS">

            <!--
                [HKEY_CURRENT_USER\Software\Microsoft\Windows\CurrentVersion\Explorer\Advanced!Start_SearchFiles]
                    (REG_DWORD): 2
                -->
	      <Start_SearchFiles>2</Start_SearchFiles>

            <!--
                [HKEY_LOCAL_MACHINE\SOFTWARE\Microsoft\Windows\CurrentVersion\Explorer\StartMenu\StartPanel\SearchFiles\FullIndex!DefaultValue]
                    (REG_DWORD): 2
                -->
          <IndexSearchFilesDefaultValue>2</IndexSearchFilesDefaultValue>

            <!--
                [HKEY_LOCAL_MACHINE\SOFTWARE\Microsoft\Windows\CurrentVersion\Explorer\StartMenu\StartPanel\SearchFiles\NoSearch!DefaultValue]
                    (REG_DWORD): 2
                -->
          <NoSearchFilesDefaultValue>2</NoSearchFilesDefaultValue>

            <!--
                [HKEY_LOCAL_MACHINE\SOFTWARE\Microsoft\Windows\CurrentVersion\Explorer\StartMenu\StartPanel\SearchFiles\UserOnly!DefaultValue]
                    (REG_DWORD): 2
                -->
          <UserSearchFilesDefaultValue>2</UserSearchFilesDefaultValue>
        </component>

        <component name="Microsoft-Windows-explorer" 
                   processorArchitecture="ia64" 
                   publicKeyToken="31bf3856ad364e35" 
                   language="neutral" 
                   versionScope="nonSxS">

            <!--
                [HKEY_CURRENT_USER\Software\Microsoft\Windows\CurrentVersion\Explorer\Advanced!Start_SearchFiles]
                    (REG_DWORD): 2
                -->
	      <Start_SearchFiles>2</Start_SearchFiles>

            <!--
                [HKEY_LOCAL_MACHINE\SOFTWARE\Microsoft\Windows\CurrentVersion\Explorer\StartMenu\StartPanel\SearchFiles\FullIndex!DefaultValue]
                    (REG_DWORD): 2
                -->
          <IndexSearchFilesDefaultValue>2</IndexSearchFilesDefaultValue>

            <!--
                [HKEY_LOCAL_MACHINE\SOFTWARE\Microsoft\Windows\CurrentVersion\Explorer\StartMenu\StartPanel\SearchFiles\NoSearch!DefaultValue]
                    (REG_DWORD): 2
                -->
          <NoSearchFilesDefaultValue>2</NoSearchFilesDefaultValue>

            <!--
                [HKEY_LOCAL_MACHINE\SOFTWARE\Microsoft\Windows\CurrentVersion\Explorer\StartMenu\StartPanel\SearchFiles\UserOnly!DefaultValue]
                    (REG_DWORD): 2
                -->
          <UserSearchFilesDefaultValue>2</UserSearchFilesDefaultValue>
        </component>

        <component name="Microsoft-Windows-NDIS"
                   processorArchitecture="x86"
                   publicKeyToken="31bf3856ad364e35"
                   language="neutral"
                   versionScope="nonSxS">
            <!--
                [HKEY_LOCAL_MACHINE\SYSTEM\CurrentControlSet\Services\NDIS\Parameters]
            -->
            <TrackNblOwner>1</TrackNblOwner>
        </component>

        <component name="Microsoft-Windows-NDIS"
                   processorArchitecture="amd64"
                   publicKeyToken="31bf3856ad364e35"
                   language="neutral"
                   versionScope="nonSxS">
            <!--
                [HKEY_LOCAL_MACHINE\SYSTEM\CurrentControlSet\Services\NDIS\Parameters]
            -->
            <TrackNblOwner>1</TrackNblOwner>
        </component>

        <component name="Microsoft-Windows-NDIS"
                   processorArchitecture="ia64"
                   publicKeyToken="31bf3856ad364e35"
                   language="neutral"
                   versionScope="nonSxS">
            <!--
                [HKEY_LOCAL_MACHINE\SYSTEM\CurrentControlSet\Services\NDIS\Parameters]
            -->
            <TrackNblOwner>1</TrackNblOwner>
        </component>        
    </settings>
</unattend>

